,CO(GT),PT08.S1(CO),C6H6(GT),PT08.S2(NMHC),NOx(GT),PT08.S3(NOx),NO2(GT),PT08.S4(NO2),PT08.S5(O3),T,RH,AH
count,6941.0,6941.0,6941.0,6941.0,6941.0,6941.0,6941.0,6941.0,6941.0,6941.0,6941.0,6941.0
mean,2.182466503385679,1119.7862219660951,10.554410637557707,958.4219252749364,250.65647601210202,816.7716587427365,113.85860826970176,1452.5285981846996,1057.6317533496615,17.753280023755327,48.880120545775966,0.9855727701635841
std,1.4411578844974915,218.7391060267537,7.465169652934232,264.05241527069455,208.603978413645,251.89682471544694,47.46470513090408,353.2978833151094,406.5056683209057,8.845398049811989,17.43265177122277,0.4010970102735968
min,0.1,647.25,0.18152540918014576,390.25,2.0,322.0,2.0,551.0,221.0,-1.8999999761581,9.1750001907349,0.1846790209991702
25%,1.1,956.25,4.927070715920718,759.75,103.0,642.25,79.0,1206.5,759.5,11.200000047684,35.325000762939,0.6941232789104222
50%,1.9,1084.75,8.788282114529338,931.0,186.0,785.5,110.0,1457.0,1006.25,16.849999904633,49.175000190735,0.9539100386924898
75%,2.9,1254.0,14.579056773736026,1135.25,334.6,946.5,142.0,1683.0,1322.0,23.724999427795,62.224999427795,1.2515517690739033
max,11.9,2039.75,63.74147644829163,2214.0,1479.0,2682.75,332.6,2775.0,2522.75,44.60000038147,88.72500038147,2.1806393191997313
